<config>

	<set xpath="/vehicles/vehicle[@name='vehicleGyrocopter']/property[@class='fuelTank']/property[@name='capacity']/@value">160</set> <!-- Gyrocopter Default 80 -->

  <set xpath="/vehicles/vehicle[@name='vehicleMinibike']/property[@name='velocityMax']/@value">8, 11</set> <!-- Minibike Default 7, 10 -->
	<set xpath="/vehicles/vehicle[@name='vehicleMinibike']/property[@class='fuelTank']/property[@name='capacity']/@value">80</set> <!-- Minibike Default 40 -->

  <set xpath="/vehicles/vehicle[@name='vehicleMotorcycle']/property[@name='velocityMax']/@value">15, 23</set> <!-- Motorcycle Default 9, 14 -->
	<set xpath="/vehicles/vehicle[@name='vehicleMotorcycle']/property[@class='fuelTank']/property[@name='capacity']/@value">240</set> <!-- Motorcycle Default 120 -->

  <set xpath="/vehicles/vehicle[@name='vehicle4x4Truck']/property[@name='velocityMax']/@value">12, 20</set> <!-- 4x4 Truck Default 9, 13 -->
	<set xpath="/vehicles/vehicle[@name='vehicle4x4Truck']/property[@class='fuelTank']/property[@name='capacity']/@value">800</set> <!-- 4x4 Truck Default 400 -->

</config>